Year,state,city_or_county,KilledCount,InjuredCount
2017,Alabama,Adamsville,1,2
2017,Alabama,Alberta,1,1
2017,Alabama,Albertville,1,3
2017,Alabama,Alexander City,5,2
2017,Alabama,Anniston,16,12
2017,Alabama,Athens,5,14
2017,Alabama,Atmore,3,2
2017,Alabama,Bay Minette,2,2
2017,Alabama,Bessemer,12,20
2017,Alabama,Bessemer (Brighton),3,6
2017,Alabama,Bessemer (Hueytown),1,3
2017,Alabama,Birmingham,108,193
2017,Alabama,Birmingham (Center Point),3,7
2017,Alabama,Birmingham (Homewood),2,1
2017,Alabama,Birmingham (Irondale),1,2
2017,Alabama,Birmingham (Midfield),3,1
2017,Alabama,Birmingham (Tarrant),3,2
2017,Alabama,Birmingham (Vestavia Hills),1,1
2017,Alabama,Cullman,4,1
2017,Alabama,Dadeville,1,1
2017,Alabama,Decatur,5,6
2017,Alabama,Dora,1,2
2017,Alabama,Dothan,4,14
2017,Alabama,Enterprise,3,2
2017,Alabama,Fairfield,8,4
2017,Alabama,Fairhope,1,1
2017,Alabama,Florence,1,3
2017,Alabama,Gadsden,2,2
2017,Alabama,Greenville,1,1
2017,Alabama,Guntersville,1,1
2017,Alabama,Hayneville,2,1
2017,Alabama,Hazel Green,2,1
2017,Alabama,Huntsville,27,64
2017,Alabama,Killen,2,1
2017,Alabama,Lanett,2,9
2017,Alabama,Leeds,2,4
2017,Alabama,Madison,4,7
2017,Alabama,Mc Calla,1,3
2017,Alabama,Meridianville,1,1
2017,Alabama,Millbrook,2,3
2017,Alabama,Mobile,48,113
2017,Alabama,Mobile (Prichard),10,6
2017,Alabama,Montevallo,1,2
2017,Alabama,Montgomery,50,90
2017,Alabama,Mount Vernon,1,1
2017,Alabama,Mulga,1,1
2017,Alabama,Muscle Shoals,1,1
2017,Alabama,Opelika,7,6
2017,Alabama,Oxford,1,1
2017,Alabama,Ozark,2,3
2017,Alabama,Phenix City,10,19
2017,Alabama,Prattville,7,6
2017,Alabama,Russellville,2,3
2017,Alabama,Saraland,1,2
2017,Alabama,Selma,12,30
2017,Alabama,Semmes,2,4
2017,Alabama,Talladega,1,1
2017,Alabama,Theodore,2,8
2017,Alabama,Troy,2,8
2017,Alabama,Tuscaloosa,15,38
2017,Alabama,Tuscumbia,2,3
2017,Alabama,Tuskegee,4,3
2017,Alabama,Valley,1,2
2017,Alabama,Wilmer,1,1
2017,Alabama,York,2,5
2017,Alaska,Anchorage,29,44
2017,Alaska,Aniak,1,1
2017,Alaska,Big Lake,1,1
2017,Alaska,Fairbanks,10,10
2017,Alaska,Sitka,1,1
2017,Alaska,Soldotna,2,2
2017,Alaska,Wasilla,3,1
2017,Arizona,Avondale,10,4
2017,Arizona,Buckeye,2,2
2017,Arizona,Bullhead City,1,1
2017,Arizona,Casa Grande,4,2
2017,Arizona,Chandler,6,7
2017,Arizona,El Mirage,1,4
2017,Arizona,Flagstaff,3,4
2017,Arizona,Glendale,17,16
2017,Arizona,Goodyear,2,1
2017,Arizona,Kingman,3,5
2017,Arizona,Lake Havasu City,1,3
2017,Arizona,Laveen,2,1
2017,Arizona,Mesa,15,22
2017,Arizona,Parker,2,1
2017,Arizona,Peoria,3,8
2017,Arizona,Phoenix,103,109
2017,Arizona,Pinetop,2,1
2017,Arizona,San Tan Valley,1,2
2017,Arizona,Scottsdale,9,6
2017,Arizona,Sierra Vista,1,4
2017,Arizona,Tempe,7,5
2017,Arizona,Tempe (Guadalupe),1,2
2017,Arizona,Tolleson,3,7
2017,Arizona,Tonopah,2,2
2017,Arizona,Tucson,50,45
2017,Arizona,Yuma,5,8
2017,Arkansas,Ash Flat,1,1
2017,Arkansas,Ashdown,1,1
2017,Arkansas,Batesville,1,3
2017,Arkansas,Blytheville,8,11
2017,Arkansas,Clarkridge,1,1
2017,Arkansas,Cleburne (county),1,1
2017,Arkansas,Conway,1,5
2017,Arkansas,Dover,1,1
2017,Arkansas,El Dorado,4,2
2017,Arkansas,Forrest City,5,10
2017,Arkansas,Fort Smith,8,11
2017,Arkansas,Fouke,1,1
2017,Arkansas,Helena,5,4
2017,Arkansas,Hot Springs National Park,2,2
2017,Arkansas,Hot Springs National Park (Hot Springs),8,17
2017,Arkansas,Jacksonville,4,3
2017,Arkansas,Jonesboro,7,22
2017,Arkansas,Little Rock,45,223
2017,Arkansas,Lonsdale,1,1
2017,Arkansas,Mabelvale,1,1
2017,Arkansas,Marion,2,1
2017,Arkansas,Monticello,2,2
2017,Arkansas,Mountain Home,4,1
2017,Arkansas,Newport,2,2
2017,Arkansas,North Little Rock,12,19
2017,Arkansas,Pine Bluff,24,18
2017,Arkansas,Quitman,1,1
2017,Arkansas,Russellville,1,3
2017,Arkansas,Scott,1,1
2017,Arkansas,Searcy,2,1
2017,Arkansas,Springdale,1,3
2017,Arkansas,Star City,1,1
2017,Arkansas,Texarkana,1,11
2017,Arkansas,West Helena,2,5
2017,Arkansas,West Memphis,5,8
2017,California,Alameda,1,2
2017,California,Alhambra,3,1
2017,California,Aliso Viejo,2,2
2017,California,Anaheim,5,7
2017,California,Anderson,2,2
2017,California,Antioch,14,17
2017,California,Apple Valley,3,6
2017,California,Arcadia,4,4
2017,California,Arcata,1,3
2017,California,Artesia,3,1
2017,California,Arvin,4,1
2017,California,Atwater,2,2
2017,California,Azusa,3,3
2017,California,Bakersfield,54,102
2017,California,Baldwin Park,2,1
2017,California,Banning,2,7
2017,California,Barstow,2,3
2017,California,Beaumont (Cherry Valley),2,1
2017,California,Bellflower,5,3
2017,California,Belmont,1,1
2017,California,Ben Lomond,1,1
2017,California,Brentwood,3,2
2017,California,Carson,7,5
2017,California,Castaic,1,1
2017,California,Cathedral City,2,5
2017,California,Ceres,1,2
2017,California,Cerritos,3,2
2017,California,Chico,4,15
2017,California,Chino,2,2
2017,California,Chowchilla,2,1
2017,California,Chula Vista,1,4
2017,California,City Of Industry,2,1
2017,California,Clearlake Oaks,2,2
2017,California,Clovis,1,2
2017,California,Colton,5,6
2017,California,Compton,16,13
2017,California,Concord,2,6
2017,California,Corning,8,12
2017,California,Corona,1,1
2017,California,Cottonwood,1,6
2017,California,Covina,3,2
2017,California,Delano,6,1
2017,California,Desert Hot Springs,5,10
2017,California,Diamond Springs,1,2
2017,California,Downey,2,5
2017,California,Duarte,5,5
2017,California,El Centro,4,3
2017,California,El Cerrito,1,2
2017,California,El Monte,6,4
2017,California,El Segundo,2,2
2017,California,Elk Grove,3,7
2017,California,Emeryville,1,3
2017,California,Escondido,2,7
2017,California,Eureka,2,5
2017,California,Fairfield,7,9
2017,California,Fontana,8,7
2017,California,Fremont,3,4
2017,California,Fresno,44,124
2017,California,Garden Grove,1,5
2017,California,Gardena,9,9
2017,California,Gilroy,1,1
2017,California,Hacienda Heights,1,2
2017,California,Hanford,3,5
2017,California,Harbor City,1,3
2017,California,Hawthorne,2,2
2017,California,Hayward,6,11
2017,California,Hemet,1,7
2017,California,Hesperia,2,7
2017,California,Highland,5,3
2017,California,Huntington Beach,6,5
2017,California,Huntington Park,2,2
2017,California,Huron,3,2
2017,California,Indio,3,12
2017,California,Inglewood,8,8
2017,California,Ivanhoe,1,1
2017,California,Kelseyville,1,1
2017,California,King City,1,6
2017,California,La Mesa,2,3
2017,California,Lake Elsinore,2,3
2017,California,Lakewood,3,1
2017,California,Lamont,5,6
2017,California,Lancaster,13,5
2017,California,Lawndale,2,2
2017,California,Lemon Grove,2,2
2017,California,Lemoore,1,3
2017,California,Lincoln,3,1
2017,California,Livermore,1,3
2017,California,Lodi,1,2
2017,California,Lompoc,1,3
2017,California,Long Beach,25,51
2017,California,Los Angeles,139,102
2017,California,Los Angeles (Boyle Heights),6,6
2017,California,Los Angeles (Hollywood),8,6
2017,California,Los Angeles (Mar Vista),1,1
2017,California,Los Angeles (county),4,2
2017,California,Los Banos,2,4
2017,California,Madera,5,7
2017,California,Manchester,1,1
2017,California,Manteca,2,4
2017,California,Martinez,1,1
2017,California,Marysville,1,1
2017,California,Mc Farland (Mcfarland),1,3
2017,California,Merced,6,4
2017,California,Modesto,14,22
2017,California,Mojave,2,1
2017,California,Monrovia,2,4
2017,California,Montclair,1,1
2017,California,Montebello,4,1
2017,California,Moreno Valley,11,9
2017,California,National City,2,2
2017,California,Newhall,2,1
2017,California,North Highlands,3,1
2017,California,North Hills,1,2
2017,California,North Hollywood,2,4
2017,California,Northridge,1,4
2017,California,Norwalk,5,12
2017,California,Novato,3,1
2017,California,Oakland,60,173
2017,California,Oceanside,9,1
2017,California,Olivehurst,1,2
2017,California,Ontario,7,4
2017,California,Oregon House,1,2
2017,California,Orland,1,3
2017,California,Oroville,2,5
2017,California,Oxnard,12,23
2017,California,Pacifica,3,1
2017,California,Pacoima,3,8
2017,California,Pacoima (Arleta),3,1
2017,California,Palm Springs,2,5
2017,California,Palmdale,3,8
2017,California,Panorama City,6,6
2017,California,Paradise,1,1
2017,California,Pasadena,8,11
2017,California,Patterson,1,1
2017,California,Perris,4,3
2017,California,Pico Rivera,1,2
2017,California,Pittsburg,5,7
2017,California,Planada,1,2
2017,California,Pomona,13,13
2017,California,Port Hueneme,1,3
2017,California,Porterville,3,1
2017,California,Rancho Cordova,2,1
2017,California,Red Bluff,1,1
2017,California,Redding,5,6
2017,California,Redwood City,2,3
2017,California,Represa,1,1
2017,California,Reseda,5,2
2017,California,Rialto,3,2
2017,California,Richmond,14,12
2017,California,Rio Linda,2,1
2017,California,Riverside,6,11
2017,California,Riverside (Jurupa Valley),4,1
2017,California,Rosamond,2,3
2017,California,Rosemead,2,2
2017,California,Roseville,1,2
2017,California,Sacramento,41,105
2017,California,Sacramento (county),1,2
2017,California,Salinas,23,27
2017,California,San Bernardino,28,41
2017,California,San Bruno,1,1
2017,California,San Diego,28,45
2017,California,San Francisco,46,56
2017,California,San Gabriel,2,1
2017,California,San Jacinto,4,5
2017,California,San Jose,26,33
2017,California,San Leandro,2,9
2017,California,San Mateo,2,1
2017,California,San Pablo,3,1
2017,California,San Pedro,2,6
2017,California,Sanger,2,3
2017,California,Santa Ana,14,28
2017,California,Santa Clara,4,6
2017,California,Santa Clarita,3,2
2017,California,Santa Cruz,1,4
2017,California,Santa Maria,1,4
2017,California,Santa Maria (Orcutt),4,1
2017,California,Santa Monica,4,5
2017,California,Santa Paula,1,6
2017,California,Santa Rosa,4,7
2017,California,Selma,4,2
2017,California,Sherman Oaks,2,2
2017,California,Shingle Springs,2,1
2017,California,Signal Hill,1,2
2017,California,South Gate,10,2
2017,California,Spring Valley,1,5
2017,California,Stockton,37,101
2017,California,Suisun City,1,1
2017,California,Sun Valley,1,1
2017,California,Sunland,1,1
2017,California,Sunnyvale,2,1
2017,California,Sylmar,2,1
2017,California,Torrance,1,1
2017,California,Tulare,4,3
2017,California,Turlock,5,2
2017,California,Ukiah,1,4
2017,California,Upland,3,1
2017,California,Vacaville,3,5
2017,California,Vallejo,9,14
2017,California,Van Nuys,7,5
2017,California,Ventura,2,6
2017,California,Victorville,9,11
2017,California,Visalia,11,8
2017,California,Vista,5,1
2017,California,Watsonville,1,5
2017,California,West Covina,3,4
2017,California,Westminster,1,1
2017,California,Whittier,8,10
2017,California,Wilmington,8,2
2017,California,Yuba City,1,2
2017,Colorado,Arvada,1,2
2017,Colorado,Aurora,15,15
2017,Colorado,Aurora (Centennial),6,3
2017,Colorado,Boulder,2,3
2017,Colorado,Canon City,2,3
2017,Colorado,Capulin,3,1
2017,Colorado,Colorado Springs,33,99
2017,Colorado,Colorado Springs (Fort Carson),1,2
2017,Colorado,Commerce City,1,4
2017,Colorado,Denver,45,77
2017,Colorado,Denver (Northglenn),2,3
2017,Colorado,Englewood,2,2
2017,Colorado,Fort Collins,6,7
2017,Colorado,Fountain,2,3
2017,Colorado,Grand Junction,4,4
2017,Colorado,Greeley,5,8
2017,Colorado,Littleton,5,2
2017,Colorado,Littleton (Highlands Ranch),3,6
2017,Colorado,Littleton (Lakewood),2,2
2017,Colorado,Longmont,1,1
2017,Colorado,Loveland,1,1
2017,Colorado,Parker,2,1
2017,Colorado,Pueblo,9,18
2017,Colorado,Rifle,1,1
2017,Colorado,Sedalia,1,1
2017,Colorado,Thornton,4,2
2017,Colorado,Westminster,6,3
2017,Connecticut,Berlin,1,1
2017,Connecticut,Bridgeport,19,90
2017,Connecticut,Fairfield,1,1
2017,Connecticut,Hamden,1,10
2017,Connecticut,Hartford,24,47
2017,Connecticut,Manchester,1,2
2017,Connecticut,Milford,2,3
2017,Connecticut,New Britain,3,7
2017,Connecticut,New Haven,5,43
2017,Connecticut,New London,1,2
2017,Connecticut,Newington,1,1
2017,Connecticut,Norwalk,5,15
2017,Connecticut,Norwich,1,1
2017,Connecticut,Rocky Hill,1,1
2017,Connecticut,Stamford,1,13
2017,Connecticut,Stratford,2,4
2017,Connecticut,Wallingford,1,1
2017,Connecticut,Waterbury,9,9
2017,Connecticut,West Haven,1,5
2017,Delaware,Bear,2,2
2017,Delaware,Bridgeville,2,2
2017,Delaware,Dover,6,26
2017,Delaware,Milford,1,4
2017,Delaware,Milton,1,2
2017,Delaware,New Castle,2,17
2017,Delaware,Seaford,1,3
2017,Delaware,Wilmington,38,165
2017,District of Columbia,Washington,100,340
2017,Florida,Apopka,5,4
2017,Florida,Astor,1,2
2017,Florida,Avon Park,2,7
2017,Florida,Bartow,1,1
2017,Florida,Bascom,3,1
2017,Florida,Belle Glade,3,15
2017,Florida,Belleview,3,3
2017,Florida,Boca Raton,2,2
2017,Florida,Boynton Beach,17,19
2017,Florida,Bradenton,12,21
2017,Florida,Brandon,3,3
2017,Florida,Brooksville,3,4
2017,Florida,Bunnell,1,2
2017,Florida,Cantonment,1,1
2017,Florida,Cape Coral,5,10
2017,Florida,Casselberry,2,2
2017,Florida,Clearwater,9,8
2017,Florida,Clermont,3,9
2017,Florida,Cocoa,5,12
2017,Florida,Coral Gables,3,1
2017,Florida,Crestview,1,8
2017,Florida,Daytona Beach,8,26
2017,Florida,Defuniak Springs,1,4
2017,Florida,Deland,4,7
2017,Florida,Delray Beach,3,7
2017,Florida,Deltona,6,11
2017,Florida,Destin,1,4
2017,Florida,Dunnellon,1,2
2017,Florida,Edgewater,1,1
2017,Florida,Englewood,3,2
2017,Florida,Fernandina Beach,1,2
2017,Florida,Fort Lauderdale,23,28
2017,Florida,Fort Lauderdale (Dania Beach),1,3
2017,Florida,Fort Lauderdale (Davie),2,3
2017,Florida,Fort Lauderdale (Lauderdale Lakes),3,2
2017,Florida,Fort Lauderdale (Lauderhill),10,8
2017,Florida,Fort Lauderdale (Oakland Park),1,2
2017,Florida,Fort Lauderdale (Sunrise),6,2
2017,Florida,Fort Lauderdale (Tamarac),2,1
2017,Florida,Fort Myers,20,37
2017,Florida,Fort Myers Beach,1,2
2017,Florida,Fort Pierce,8,23
2017,Florida,Fort Walton Beach,2,11
2017,Florida,Fruitland Park,1,1
2017,Florida,Gainesville,8,22
2017,Florida,Glen Saint Mary (Glen St Mary),1,1
2017,Florida,Hallandale (Hallandale Beach),3,2
2017,Florida,Hialeah,3,6
2017,Florida,Hialeah (Miami Lakes),1,1
2017,Florida,Hollywood,2,6
2017,Florida,Hollywood (Miramar),2,3
2017,Florida,Homestead,1,2
2017,Florida,Homestead (Florida City),2,2
2017,Florida,Interlachen,1,1
2017,Florida,Jacksonville,113,311
2017,Florida,Jacksonville Beach,1,3
2017,Florida,Jupiter,4,3
2017,Florida,Kissimmee,10,8
2017,Florida,Lake City,4,3
2017,Florida,Lake Worth,8,17
2017,Florida,Lake Worth (Lantana),3,2
2017,Florida,Lakeland,5,6
2017,Florida,Land O Lakes (Land O' Lakes),1,2
2017,Florida,Largo,3,1
2017,Florida,Leesburg,5,7
2017,Florida,Lehigh Acres,13,16
2017,Florida,Levy (county),1,1
2017,Florida,Lighthouse Point,1,1
2017,Florida,Marianna,5,2
2017,Florida,Melbourne,1,16
2017,Florida,Melbourne (West Melbourne),1,1
2017,Florida,Melrose,1,1
2017,Florida,Merritt Island,1,2
2017,Florida,Miami,96,180
2017,Florida,Miami (Goulds),1,1
2017,Florida,Miami (Miami Shores),1,1
2017,Florida,Miami (North Miami),1,2
2017,Florida,Miami Beach,5,11
2017,Florida,Miami Gardens,9,26
2017,Florida,Milton,5,2
2017,Florida,Mount Dora,3,6
2017,Florida,Naples,8,2
2017,Florida,Neptune Beach,1,1
2017,Florida,New Smyrna Beach,1,2
2017,Florida,Nokomis,3,1
2017,Florida,North Port,2,3
2017,Florida,Ocala,14,42
2017,Florida,Okeechobee,1,3
2017,Florida,Oldsmar,1,1
2017,Florida,Opa Locka,2,2
2017,Florida,Orange Park,3,6
2017,Florida,Orlando,61,143
2017,Florida,Orlando (Pine Hills),3,3
2017,Florida,Pahokee,1,4
2017,Florida,Palatka,2,5
2017,Florida,Palm Bay,4,9
2017,Florida,Palm Beach Gardens,1,1
2017,Florida,Palm Beach Gardens (Riviera Beach),8,11
2017,Florida,Palm Coast,7,5
2017,Florida,Palmetto,2,7
2017,Florida,Panama City,5,11
2017,Florida,Panama City Beach,4,6
2017,Florida,Parrish,1,2
2017,Florida,Pembroke Pines,3,4
2017,Florida,Pensacola,17,26
2017,Florida,Pinellas Park,3,2
2017,Florida,Plant City,3,7
2017,Florida,Plantation,1,1
2017,Florida,Polk City,3,1
2017,Florida,Pompano Beach,4,3
2017,Florida,Pompano Beach (North Lauderdale),3,5
2017,Florida,Port Charlotte,2,1
2017,Florida,Port Orange,2,1
2017,Florida,Port Richey,2,2
2017,Florida,Port Saint Lucie,1,7
2017,Florida,Quincy,1,3
2017,Florida,Reddick,1,2
2017,Florida,Riverview,2,5
2017,Florida,Rockledge,3,2
2017,Florida,Ruskin,1,1
2017,Florida,Saint Augustine,7,7
2017,Florida,Saint Cloud,1,1
2017,Florida,Saint Petersburg,13,22
2017,Florida,Saint Petersburg (St Petersburg),2,2
2017,Florida,Sanford,7,14
2017,Florida,Sarasota,5,18
2017,Florida,Sebring,1,2
2017,Florida,Seffner,1,1
2017,Florida,Shalimar,1,1
2017,Florida,South Bay,1,1
2017,Florida,Spring Hill,5,2
2017,Florida,Summerfield,3,1
2017,Florida,Tallahassee,18,46
2017,Florida,Tampa,38,57
2017,Florida,Tarpon Springs,1,2
2017,Florida,Tavares,1,1
2017,Florida,Thonotosassa,1,1
2017,Florida,Titusville,2,2
2017,Florida,Trenton,1,2
2017,Florida,Vero Beach,5,14
2017,Florida,Weirsdale,5,1
2017,Florida,Wellington,1,1
2017,Florida,West Palm Beach,36,71
2017,Florida,Wildwood,1,1
2017,Florida,Wimauma,1,3
2017,Florida,Winter Haven,2,5
2017,Florida,Winter Park,2,3
2017,Florida,Zephyrhills,2,2
2017,Georgia,Adel,1,4
2017,Georgia,Albany,18,26
2017,Georgia,Allenhurst,1,1
2017,Georgia,Americus,3,3
2017,Georgia,Athens,7,13
2017,Georgia,Atlanta,90,200
2017,Georgia,Atlanta (Chamblee),2,6
2017,Georgia,Atlanta (College Park),11,11
2017,Georgia,Atlanta (East Point),3,2
2017,Georgia,Atlanta (Hapeville),1,2
2017,Georgia,Auburn,2,2
2017,Georgia,Augusta,26,43
2017,Georgia,Austell,5,2
2017,Georgia,Baxley,1,2
2017,Georgia,Bonaire,2,2
2017,Georgia,Brunswick,11,18
2017,Georgia,Buford,2,3
2017,Georgia,Byron,2,1
2017,Georgia,Cairo,2,2
2017,Georgia,Calhoun,2,2
2017,Georgia,Canton,4,2
2017,Georgia,Carrollton,3,1
2017,Georgia,Cedartown,3,2
2017,Georgia,Chatsworth,1,1
2017,Georgia,Clyo,1,2
2017,Georgia,Columbus,43,105
2017,Georgia,Commerce,1,4
2017,Georgia,Conyers,2,2
2017,Georgia,Cordele,6,3
2017,Georgia,Covington,8,4
2017,Georgia,Cumming,4,1
2017,Georgia,Dallas,4,2
2017,Georgia,Dalton,1,5
2017,Georgia,Dawson,1,1
2017,Georgia,Decatur,33,33
2017,Georgia,Douglas,2,2
2017,Georgia,Douglasville,1,7
2017,Georgia,Dublin,2,3
2017,Georgia,Duluth,5,2
2017,Georgia,Fayetteville,1,1
2017,Georgia,Forest Park,6,3
2017,Georgia,Fort Valley,1,1
2017,Georgia,Gainesville,6,13
2017,Georgia,Glennville,1,2
2017,Georgia,Griffin,6,4
2017,Georgia,Grovetown,1,1
2017,Georgia,Hephzibah,3,3
2017,Georgia,Hinesville,3,3
2017,Georgia,Jasper,1,1
2017,Georgia,Jefferson,4,1
2017,Georgia,Jeffersonville,1,1
2017,Georgia,Jonesboro,3,13
2017,Georgia,Lagrange,1,7
2017,Georgia,Lawrenceville,5,12
2017,Georgia,Leesburg,1,1
2017,Georgia,Lilburn,1,2
2017,Georgia,Lithia Springs,1,1
2017,Georgia,Lithonia,18,7
2017,Georgia,Lizella,2,1
2017,Georgia,Lumpkin,1,1
2017,Georgia,Macon,27,102
2017,Georgia,Marietta,10,9
2017,Georgia,Martin,1,1
2017,Georgia,Mcdonough,5,2
2017,Georgia,Metter,1,1
2017,Georgia,Milledgeville,6,8
2017,Georgia,Millen,1,1
2017,Georgia,Montezuma,2,3
2017,Georgia,Morrow,3,4
2017,Georgia,Moultrie,4,11
2017,Georgia,Mount Vernon,1,1
2017,Georgia,Newnan,2,9
2017,Georgia,Nicholson,1,1
2017,Georgia,Norcross,4,4
2017,Georgia,Pooler,1,1
2017,Georgia,Powder Springs,7,2
2017,Georgia,Riverdale,7,6
2017,Georgia,Rome,4,9
2017,Georgia,Rossville,2,1
2017,Georgia,Savannah,30,114
2017,Georgia,Savannah (Garden City),2,4
2017,Georgia,Smyrna,2,5
2017,Georgia,Snellville,1,3
2017,Georgia,Social Circle,5,1
2017,Georgia,Statesboro,3,10
2017,Georgia,Stockbridge,2,3
2017,Georgia,Stone Mountain,18,10
2017,Georgia,Swainsboro,4,1
2017,Georgia,Thomasville,2,2
2017,Georgia,Thomson,2,1
2017,Georgia,Tifton,3,2
2017,Georgia,Tucker,2,6
2017,Georgia,Twin City,1,1
2017,Georgia,Union City,5,4
2017,Georgia,Valdosta,7,26
2017,Georgia,Villa Rica,1,1
2017,Georgia,Warner Robins,6,7
2017,Georgia,Waynesboro,3,3
2017,Georgia,West Point,4,5
2017,Hawaii,Hilo,2,1
2017,Hawaii,Honolulu,2,9
2017,Idaho,Boise,3,5
2017,Idaho,Caldwell,3,2
2017,Idaho,Coeur D Alene (Coeur D'alene),4,1
2017,Idaho,Jefferson (county),1,1
2017,Idaho,Meridian,1,4
2017,Idaho,Nampa,3,1
2017,Idaho,Pocatello,2,6
2017,Idaho,Pocatello (Chubbuck),2,1
2017,Idaho,Wendell,2,1
2017,Illinois,Alsip,1,2
2017,Illinois,Alton,1,9
2017,Illinois,Aurora,7,39
2017,Illinois,Belleville,3,8
2017,Illinois,Bellwood,2,5
2017,Illinois,Calumet City,5,1
2017,Illinois,Carbondale,2,10
2017,Illinois,Champaign,6,18
2017,Illinois,Charleston,1,1
2017,Illinois,Chicago,574,2730
2017,Illinois,Chicago (Calumet Park),1,1
2017,Illinois,Chicago (Chicago Lawn),5,21
2017,Illinois,Chicago (Englewood),41,162
2017,Illinois,Chicago (Roseland),14,38
2017,Illinois,Chicago Heights,7,3
2017,Illinois,Chicago Heights (Ford Heights),2,3
2017,Illinois,Collinsville,1,2
2017,Illinois,Country Club Hills,1,2
2017,Illinois,Danville,10,19
2017,Illinois,Decatur,10,44
2017,Illinois,Dolton,9,11
2017,Illinois,East Moline,1,2
2017,Illinois,East Saint Louis,26,12
2017,Illinois,East Saint Louis (Cahokia),3,3
2017,Illinois,East Saint Louis (Centreville),1,2
2017,Illinois,Evanston,1,3
2017,Illinois,Forest Park,1,1
2017,Illinois,Galesburg,1,1
2017,Illinois,Glendale Heights,3,1
2017,Illinois,Harrisburg,1,7
2017,Illinois,Harvey,5,7
2017,Illinois,Hillside,1,1
2017,Illinois,Jerseyville,1,1
2017,Illinois,Joliet,13,16
2017,Illinois,Kankakee,7,23
2017,Illinois,Madison,2,2
2017,Illinois,Markham,1,7
2017,Illinois,Maywood,7,1
2017,Illinois,Melrose Park,2,1
2017,Illinois,Moline,1,2
2017,Illinois,Monee,4,1
2017,Illinois,Montgomery,1,2
2017,Illinois,Mount Vernon,2,2
2017,Illinois,Murphysboro,2,2
2017,Illinois,Naperville,1,1
2017,Illinois,Oak Forest,1,2
2017,Illinois,Oak Park,1,6
2017,Illinois,Park Forest,1,4
2017,Illinois,Pekin,2,2
2017,Illinois,Pembroke Township,1,1
2017,Illinois,Peoria,13,68
2017,Illinois,Riverdale,5,1
2017,Illinois,Rock Island,2,1
2017,Illinois,Rockford,18,125
2017,Illinois,Saint Charles,3,2
2017,Illinois,Schiller Park,1,1
2017,Illinois,Springfield,11,33
2017,Illinois,Sycamore,2,1
2017,Illinois,University Park,4,1
2017,Illinois,Venice,1,1
2017,Illinois,Washington Park,1,1
2017,Illinois,Waukegan,4,15
2017,Illinois,Woodridge,2,1
2017,Illinois,Woodstock,1,1
2017,Illinois,Zion,1,4
2017,Indiana,Anderson,1,4
2017,Indiana,Anderson (Chesterfield),1,1
2017,Indiana,Aurora,1,1
2017,Indiana,Bedford,2,3
2017,Indiana,Bloomington,2,7
2017,Indiana,Brazil,1,1
2017,Indiana,Brownsburg,1,3
2017,Indiana,Columbus,3,2
2017,Indiana,East Chicago,5,12
2017,Indiana,Elkhart,7,17
2017,Indiana,Evansville,16,44
2017,Indiana,Evansville (Darmstadt),1,2
2017,Indiana,Fishers,1,1
2017,Indiana,Fort Wayne,42,65
2017,Indiana,Franklin,1,4
2017,Indiana,Gary,36,113
2017,Indiana,Goshen,1,2
2017,Indiana,Greenwood,2,6
2017,Indiana,Hammond,12,18
2017,Indiana,Hobart,4,2
2017,Indiana,Huntington,1,2
2017,Indiana,Indianapolis,151,229
2017,Indiana,Indianapolis (Homecroft),1,1
2017,Indiana,Indianapolis (Lawrence),3,3
2017,Indiana,Kokomo,1,5
2017,Indiana,Lafayette,5,7
2017,Indiana,Logansport,2,2
2017,Indiana,Madison,1,2
2017,Indiana,Merrillville,3,5
2017,Indiana,Michigan City,2,12
2017,Indiana,Mishawaka,4,2
2017,Indiana,Monticello,2,2
2017,Indiana,Muncie,6,11
2017,Indiana,New Albany,3,6
2017,Indiana,New Castle,2,2
2017,Indiana,Newburgh,1,1
2017,Indiana,North Judson,1,1
2017,Indiana,North Manchester,1,1
2017,Indiana,Portage,1,2
2017,Indiana,Richmond,3,10
2017,Indiana,Salem,5,1
2017,Indiana,South Bend,17,52
2017,Indiana,Speedway,1,1
2017,Indiana,Terre Haute,4,13
2017,Iowa,Ames,1,6
2017,Iowa,Burlington,2,4
2017,Iowa,Cedar Falls,1,1
2017,Iowa,Cedar Rapids,5,25
2017,Iowa,Clinton,1,3
2017,Iowa,Council Bluffs,1,9
2017,Iowa,Davenport,13,22
2017,Iowa,Des Moines,15,59
2017,Iowa,Fort Dodge,1,5
2017,Iowa,Iowa City,3,7
2017,Iowa,North Liberty,1,2
2017,Iowa,Sioux City,1,12
2017,Iowa,Sumner,2,1
2017,Iowa,Waterloo,6,32
2017,Kansas,Coffeyville,3,2
2017,Kansas,Dodge City,1,2
2017,Kansas,Emporia,1,1
2017,Kansas,Hutchinson,2,2
2017,Kansas,Junction City,1,1
2017,Kansas,Kansas City,37,29
2017,Kansas,Lawrence,10,13
2017,Kansas,Leavenworth,3,5
2017,Kansas,Lenexa,1,1
2017,Kansas,Manhattan,2,6
2017,Kansas,Newton,4,2
2017,Kansas,Olathe,4,7
2017,Kansas,Overland Park,2,4
2017,Kansas,Pittsburg,1,2
2017,Kansas,Topeka,22,56
2017,Kansas,Valley Center,1,3
2017,Kansas,Wichita,33,98
2017,Kentucky,Ashland,1,2
2017,Kentucky,Bardstown,2,1
2017,Kentucky,Beattyville,1,1
2017,Kentucky,Bowling Green,6,9
2017,Kentucky,Bronston,1,1
2017,Kentucky,Campbellsville,1,4
2017,Kentucky,Corbin,2,2
2017,Kentucky,Covington,7,8
2017,Kentucky,East Bernstadt,2,2
2017,Kentucky,Eddyville,1,1
2017,Kentucky,Elizabethtown,1,1
2017,Kentucky,Flatwoods,2,1
2017,Kentucky,Frankfort,4,4
2017,Kentucky,Franklin,2,2
2017,Kentucky,Georgetown,1,1
2017,Kentucky,Henderson,4,3
2017,Kentucky,Hopkinsville,2,3
2017,Kentucky,Lancaster,1,1
2017,Kentucky,Lawrenceburg,2,1
2017,Kentucky,Leitchfield,1,1
2017,Kentucky,Lexington,22,103
2017,Kentucky,Liberty,1,1
2017,Kentucky,London,3,6
2017,Kentucky,Louisville,103,221
2017,Kentucky,Louisville (Shively),1,1
2017,Kentucky,Manchester,1,3
2017,Kentucky,Mayfield,2,4
2017,Kentucky,Mc Kee,1,2
2017,Kentucky,Monticello,4,1
2017,Kentucky,Morehead,4,1
2017,Kentucky,Murray,1,1
2017,Kentucky,Newport,1,1
2017,Kentucky,Nicholasville,4,4
2017,Kentucky,Oak Grove,3,1
2017,Kentucky,Owensboro,3,10
2017,Kentucky,Paducah (Reidland),1,1
2017,Kentucky,Paint Lick,1,1
2017,Kentucky,Paris,1,5
2017,Kentucky,Pikeville,2,1
2017,Kentucky,Radcliff,1,5
2017,Kentucky,Richmond,4,4
2017,Kentucky,Shelbyville,1,3
2017,Kentucky,Somerset,4,1
2017,Kentucky,Trosper,1,2
2017,Kentucky,Walton,3,1
2017,Kentucky,Williamsburg (Savoy),3,1
2017,Kentucky,Winchester,2,1
2017,Louisiana,Abbeville,1,3
2017,Louisiana,Alexandria,11,10
2017,Louisiana,Arnaudville,1,4
2017,Louisiana,Bastrop,1,3
2017,Louisiana,Baton Rouge,97,149
2017,Louisiana,Belle Rose,1,1
2017,Louisiana,Bossier City,5,9
2017,Louisiana,Breaux Bridge,1,5
2017,Louisiana,Broussard,2,2
2017,Louisiana,Carencro,2,1
2017,Louisiana,Coushatta,2,1
2017,Louisiana,Crowley,5,5
2017,Louisiana,Deridder,1,2
2017,Louisiana,Donaldsonville,1,1
2017,Louisiana,Eunice,2,9
2017,Louisiana,Franklinton,1,1
2017,Louisiana,Gibson,1,1
2017,Louisiana,Grambling,2,1
2017,Louisiana,Greensburg,2,1
2017,Louisiana,Gretna,1,2
2017,Louisiana,Gretna (Terrytown),3,9
2017,Louisiana,Hammond,4,7
2017,Louisiana,Harvey,4,12
2017,Louisiana,Houma,2,10
2017,Louisiana,Kenner,3,7
2017,Louisiana,Kinder,1,1
2017,Louisiana,La Place,1,2
2017,Louisiana,La Place (Laplace),2,3
2017,Louisiana,Lacombe,4,7
2017,Louisiana,Lafayette,21,28
2017,Louisiana,Lake Charles,10,18
2017,Louisiana,Mamou,1,1
2017,Louisiana,Marrero,11,24
2017,Louisiana,Metairie,7,21
2017,Louisiana,Monroe,15,18
2017,Louisiana,Morgan City,1,1
2017,Louisiana,Natchitoches,1,8
2017,Louisiana,New Iberia,8,17
2017,Louisiana,New Orleans,147,482
2017,Louisiana,New Orleans (Algiers),2,12
2017,Louisiana,New Orleans (Gentilly),4,6
2017,Louisiana,New Roads,1,4
2017,Louisiana,Opelousas,4,5
2017,Louisiana,Plaquemine,2,3
2017,Louisiana,Port Allen,1,2
2017,Louisiana,Prairieville,2,3
2017,Louisiana,Rayne,1,3
2017,Louisiana,Rayville,1,1
2017,Louisiana,Ruston,1,4
2017,Louisiana,Saint Martinville,1,4
2017,Louisiana,Saint Rose (St Rose),1,1
2017,Louisiana,Shreveport,48,167
2017,Louisiana,Simsboro,1,1
2017,Louisiana,Slidell,4,6
2017,Louisiana,Sulphur,1,3
2017,Louisiana,Tallulah,2,2
2017,Louisiana,Thibodaux,7,4
2017,Louisiana,West Monroe,3,2
2017,Louisiana,Westwego,1,3
2017,Louisiana,Westwego (Avondale),1,2
2017,Louisiana,Westwego (Bridge City),1,3
2017,Louisiana,Zachary,4,1
2017,Maine,Belgrade,1,1
2017,Maine,Lewiston,1,2
2017,Maine,Madison,4,1
2017,Maine,Millinocket,1,1
2017,Maine,Portland,2,3
2017,Maine,Vassalboro,2,1
2017,Maine,Waldoboro,1,1
2017,Maryland,Aberdeen,1,2
2017,Maryland,Annapolis,7,6
2017,Maryland,Baltimore,303,652
2017,Maryland,Baltimore (Waverly),1,2
2017,Maryland,Bladensburg,1,2
2017,Maryland,Bowie,3,3
2017,Maryland,Brandywine,1,1
2017,Maryland,Burtonsville,1,1
2017,Maryland,Capitol Heights,5,3
2017,Maryland,Capitol Heights (Seat Pleasant),1,1
2017,Maryland,Catonsville,5,2
2017,Maryland,College Park,2,4
2017,Maryland,Columbia,1,2
2017,Maryland,Cumberland,1,3
2017,Maryland,District Heights,7,2
2017,Maryland,District Heights (Forestville),2,1
2017,Maryland,Dundalk,1,6
2017,Maryland,Edgewater,2,1
2017,Maryland,Edgewood,4,6
2017,Maryland,Elkridge,1,1
2017,Maryland,Ellicott City,4,2
2017,Maryland,Essex,1,3
2017,Maryland,Frederick,1,8
2017,Maryland,Gaithersburg,3,1
2017,Maryland,Germantown,2,8
2017,Maryland,Grasonville,1,1
2017,Maryland,Gwynn Oak,2,7
2017,Maryland,Gwynn Oak (Woodlawn),2,1
2017,Maryland,Hagerstown,6,7
2017,Maryland,Halethorpe,1,1
2017,Maryland,Halethorpe (Lansdowne),2,4
2017,Maryland,Hyattsville,6,2
2017,Maryland,Hyattsville (Landover),3,3
2017,Maryland,Hyattsville (New Carrollton),1,1
2017,Maryland,Laurel,4,6
2017,Maryland,Lusby,1,1
2017,Maryland,Middle River,1,5
2017,Maryland,Nanjemoy,2,1
2017,Maryland,Odenton,1,3
2017,Maryland,Owings Mills,1,2
2017,Maryland,Oxon Hill,3,2
2017,Maryland,Parkville,1,3
2017,Maryland,Princess Anne,1,1
2017,Maryland,Randallstown,4,3
2017,Maryland,Riverdale,1,2
2017,Maryland,Salisbury,5,11
2017,Maryland,Silver Spring,4,6
2017,Maryland,Suitland,7,2
2017,Maryland,Temple Hills,3,3
2017,Maryland,Towson,1,1
2017,Maryland,Upper Marlboro,5,1
2017,Maryland,Waldorf,5,6
2017,Maryland,Willards,1,2
2017,Maryland,Windsor Mill,3,4
2017,Massachusetts,Boston,49,180
2017,Massachusetts,Braintree,1,1
2017,Massachusetts,Bridgewater,1,2
2017,Massachusetts,Brockton,4,30
2017,Massachusetts,Cambridge,2,5
2017,Massachusetts,Chelsea,3,4
2017,Massachusetts,Chicopee,3,3
2017,Massachusetts,Fall River,1,12
2017,Massachusetts,Greenfield,1,1
2017,Massachusetts,Haverhill,2,11
2017,Massachusetts,Hingham,1,1
2017,Massachusetts,Holyoke,4,4
2017,Massachusetts,Lawrence,8,15
2017,Massachusetts,Lowell,2,9
2017,Massachusetts,Lynn,5,20
2017,Massachusetts,New Bedford,6,10
2017,Massachusetts,Pittsfield,3,9
2017,Massachusetts,Springfield,13,51
2017,Massachusetts,West Springfield,2,4
2017,Michigan,Ann Arbor,2,1
2017,Michigan,Bangor,1,1
2017,Michigan,Battle Creek,3,22
2017,Michigan,Belleville (Van Buren Twp),1,1
2017,Michigan,Benton Harbor,5,10
2017,Michigan,Burton,1,2
2017,Michigan,Clinton Township,1,1
2017,Michigan,Clinton Township (Charter Twp Of Clinton),1,1
2017,Michigan,Detroit,160,344
2017,Michigan,Dorr,1,1
2017,Michigan,Flint,35,56
2017,Michigan,Grand Rapids,13,51
2017,Michigan,Hastings,1,1
2017,Michigan,Highland,2,1
2017,Michigan,Highland Park,2,4
2017,Michigan,Inkster,5,7
2017,Michigan,Jackson,6,17
2017,Michigan,Kalamazoo,9,13
2017,Michigan,Lansing,11,38
2017,Michigan,Lincoln Park,1,1
2017,Michigan,Marysville,2,2
2017,Michigan,Mount Morris,2,2
2017,Michigan,Muskegon,3,10
2017,Michigan,Muskegon (Muskegon Heights),5,9
2017,Michigan,Niles,2,1
2017,Michigan,Owosso,2,1
2017,Michigan,Pontiac,4,22
2017,Michigan,Romulus,1,1
2017,Michigan,Roseville,2,2
2017,Michigan,Saginaw,17,36
2017,Michigan,South Haven,1,1
2017,Michigan,Southfield,1,6
2017,Michigan,Sparta,1,1
2017,Michigan,Sterling Heights,3,3
2017,Michigan,Taylor,1,1
2017,Michigan,Ubly,2,1
2017,Michigan,Warren,4,3
2017,Michigan,Westland,2,1
2017,Michigan,Wyoming,1,7
2017,Michigan,Ypsilanti,6,16
2017,Michigan,Ypsilanti (Superior Township),1,2
2017,Minnesota,Austin,1,1
2017,Minnesota,Duluth,1,12
2017,Minnesota,Farmington,1,1
2017,Minnesota,Fergus Falls,2,1
2017,Minnesota,Gilbert,1,1
2017,Minnesota,Grand Rapids,1,1
2017,Minnesota,Minneapolis,35,116
2017,Minnesota,Minneapolis (Brooklyn Center),1,1
2017,Minnesota,Minneapolis (Crystal),2,5
2017,Minnesota,Minnetonka,2,1
2017,Minnesota,Pine City,1,1
2017,Minnesota,Saint Cloud,2,6
2017,Minnesota,Saint Paul,20,67
2017,Minnesota,Saint Paul (Maplewood),1,5
2017,Minnesota,Waite Park,1,1
2017,Mississippi,Aberdeen,1,3
2017,Mississippi,Baldwyn,1,1
2017,Mississippi,Batesville,2,4
2017,Mississippi,Bay Saint Louis,1,5
2017,Mississippi,Bay Springs,1,1
2017,Mississippi,Biloxi,3,11
2017,Mississippi,Bogue Chitto,9,1
2017,Mississippi,Brandon,1,5
2017,Mississippi,Brookhaven,2,11
2017,Mississippi,Brooksville,1,2
2017,Mississippi,Byhalia,2,1
2017,Mississippi,Canton,3,2
2017,Mississippi,Clarksdale,3,3
2017,Mississippi,Cleveland,4,8
2017,Mississippi,Columbia,1,1
2017,Mississippi,Columbus,6,13
2017,Mississippi,Como,1,6
2017,Mississippi,Corinth,2,12
2017,Mississippi,Cruger,1,1
2017,Mississippi,Edwards,1,1
2017,Mississippi,Forest,2,1
2017,Mississippi,Foxworth,2,2
2017,Mississippi,Gautier,1,1
2017,Mississippi,Greenville,9,20
2017,Mississippi,Greenwood,2,11
2017,Mississippi,Grenada,10,5
2017,Mississippi,Gulfport,11,15
2017,Mississippi,Hattiesburg,5,26
2017,Mississippi,Hazlehurst,2,3
2017,Mississippi,Holly Springs,5,1
2017,Mississippi,Horn Lake,4,5
2017,Mississippi,Indianola,1,4
2017,Mississippi,Iuka,1,2
2017,Mississippi,Jackson,56,120
2017,Mississippi,Jayess,1,1
2017,Mississippi,Kosciusko,4,4
2017,Mississippi,Laurel,4,7
2017,Mississippi,Lexington,2,2
2017,Mississippi,Macon,1,1
2017,Mississippi,Madison,4,1
2017,Mississippi,Magnolia,3,5
2017,Mississippi,Mathiston,1,1
2017,Mississippi,Mc Cool (Mccool),1,5
2017,Mississippi,Mccomb,2,10
2017,Mississippi,Meridian,11,41
2017,Mississippi,Monticello,1,2
2017,Mississippi,Moss Point,1,13
2017,Mississippi,Mount Olive,3,3
2017,Mississippi,Natchez,5,16
2017,Mississippi,Ocean Springs,1,3
2017,Mississippi,Olive Branch,2,4
2017,Mississippi,Osyka,2,3
2017,Mississippi,Oxford,1,5
2017,Mississippi,Pascagoula,3,2
2017,Mississippi,Pass Christian,1,1
2017,Mississippi,Petal,2,2
2017,Mississippi,Philadelphia,4,2
2017,Mississippi,Picayune,3,1
2017,Mississippi,Prentiss,2,1
2017,Mississippi,Ripley,2,1
2017,Mississippi,Robinsonville,1,5
2017,Mississippi,Rolling Fork,2,1
2017,Mississippi,Sardis,1,1
2017,Mississippi,Saucier,1,2
2017,Mississippi,Senatobia,1,1
2017,Mississippi,Silver Creek,1,1
2017,Mississippi,Southaven,3,7
2017,Mississippi,Starkville,2,6
2017,Mississippi,Summit,1,1
2017,Mississippi,Tupelo,8,18
2017,Mississippi,Vicksburg,6,19
2017,Mississippi,Walnut,2,1
2017,Mississippi,Water Valley,1,2
2017,Mississippi,Waynesboro,2,5
2017,Mississippi,Wesson,1,1
2017,Mississippi,Yazoo City,7,6
2017,Missouri,Arnold,1,1
2017,Missouri,Ava,1,1
2017,Missouri,Belton,1,2
2017,Missouri,Bridgeton,1,2
2017,Missouri,Buffalo,1,1
2017,Missouri,Cape Girardeau,5,8
2017,Missouri,Caruthersville,1,6
2017,Missouri,Clinton,1,2
2017,Missouri,Columbia,12,43
2017,Missouri,Florissant,6,5
2017,Missouri,Hazelwood,1,3
2017,Missouri,Independence,14,16
2017,Missouri,Jefferson City,4,5
2017,Missouri,Joplin,11,14
2017,Missouri,Kansas City,127,168
2017,Missouri,Kansas City (Gladstone),1,1
2017,Missouri,Kansas City (Raytown),3,6
2017,Missouri,Kennett,1,1
2017,Missouri,Kirksville,1,1
2017,Missouri,Lake Ozark,2,1
2017,Missouri,Lees Summit,2,3
2017,Missouri,Liberty,2,3
2017,Missouri,Lone Jack,1,1
2017,Missouri,Marshfield,4,2
2017,Missouri,Moberly,3,1
2017,Missouri,Neosho,2,1
2017,Missouri,Nixa,1,1
2017,Missouri,Pineville,1,1
2017,Missouri,Poplar Bluff,1,1
2017,Missouri,Reynolds (county),2,1
2017,Missouri,Riverside,1,2
2017,Missouri,Rolla,1,2
2017,Missouri,Saint Charles,2,3
2017,Missouri,Saint Joseph,7,10
2017,Missouri,Saint Louis,271,485
2017,Missouri,Saint Louis (Berkeley),6,1
2017,Missouri,Saint Louis (Ferguson),6,4
2017,Missouri,Saint Louis (Jennings),4,3
2017,Missouri,Saint Louis (Ladue),1,1
2017,Missouri,Saint Louis (Richmond Heights),1,1
2017,Missouri,Saint Louis (Spanish Lake),1,1
2017,Missouri,Saint Louis (St. Louis),1,1
2017,Missouri,Saint Louis (University City),1,7
2017,Missouri,Saint Louis (Webster Groves),1,2
2017,Missouri,Sarcoxie,1,1
2017,Missouri,Sedalia,1,2
2017,Missouri,Springfield,16,38
2017,Montana,Billings,6,9
2017,Montana,Bozeman,2,1
2017,Montana,Butte,2,4
2017,Montana,Great Falls,4,5
2017,Montana,Lodge Grass,3,2
2017,Montana,Missoula,2,1
2017,Montana,Trout Creek,2,1
2017,Nebraska,Hershey,1,1
2017,Nebraska,Lincoln,1,27
2017,Nebraska,North Platte,1,3
2017,Nebraska,Omaha,30,104
2017,Nebraska,Papillion,1,1
2017,Nevada,Henderson,6,1
2017,Nevada,Jean,1,2
2017,Nevada,Las Vegas,155,165
2017,Nevada,Laughlin,1,1
2017,Nevada,North Las Vegas,4,2
2017,Nevada,Pahrump,2,1
2017,Nevada,Reno,22,33
2017,Nevada,Sparks,3,7
2017,Nevada,Wellington (Topaz Ranch Estates),1,1
2017,Nevada,West Wendover,1,1
2017,New Hampshire,Farmington,1,3
2017,New Hampshire,Goffstown,1,1
2017,New Hampshire,Manchester,1,7
2017,New Hampshire,Nashua,1,3
2017,New Hampshire,Rye,1,1
2017,New Jersey,Absecon,1,1
2017,New Jersey,Asbury Park,1,4
2017,New Jersey,Atlantic City,11,17
2017,New Jersey,Avenel,1,1
2017,New Jersey,Belleville,1,2
2017,New Jersey,Bound Brook,1,2
2017,New Jersey,Bridgeton,8,14
2017,New Jersey,Burlington,1,2
2017,New Jersey,Camden,21,11
2017,New Jersey,East Orange,8,5
2017,New Jersey,Elizabeth,4,12
2017,New Jersey,Franklin,1,2
2017,New Jersey,Hackensack,3,1
2017,New Jersey,Hammonton,1,2
2017,New Jersey,Harrison,1,1
2017,New Jersey,Holmdel,2,1
2017,New Jersey,Irvington,5,3
2017,New Jersey,Jersey City,17,102
2017,New Jersey,Linden,1,4
2017,New Jersey,Long Branch,5,2
2017,New Jersey,Mays Landing,1,4
2017,New Jersey,Millville,2,9
2017,New Jersey,Neptune,3,1
2017,New Jersey,New Brunswick,3,10
2017,New Jersey,Newark,65,113
2017,New Jersey,North Bergen,1,1
2017,New Jersey,Old Bridge,2,1
2017,New Jersey,Orange,4,4
2017,New Jersey,Oxford,1,1
2017,New Jersey,Passaic,1,6
2017,New Jersey,Paterson,17,67
2017,New Jersey,Pemberton,1,3
2017,New Jersey,Penns Grove,1,2
2017,New Jersey,Plainfield,2,7
2017,New Jersey,Pleasantville,2,8
2017,New Jersey,Trenton,22,141
2017,New Jersey,Trenton (Ewing Township),1,1
2017,New Jersey,Trenton (Ewing),1,3
2017,New Jersey,Trenton (Hamilton Township),2,3
2017,New Jersey,Vineland,4,5
2017,New Jersey,Willingboro,2,11
2017,New Jersey,Woodbury (West Deptford),1,1
2017,New Mexico,Albuquerque,69,72
2017,New Mexico,Artesia,1,4
2017,New Mexico,Carlsbad,7,4
2017,New Mexico,Clovis,3,6
2017,New Mexico,Espanola,1,3
2017,New Mexico,Farmington,3,3
2017,New Mexico,Gallup,2,1
2017,New Mexico,Las Cruces,7,13
2017,New Mexico,Roswell,4,6
2017,New Mexico,Ruidoso,1,2
2017,New Mexico,Santa Fe,3,4
2017,New Mexico,Silver City,2,3
2017,New Mexico,Taos,1,3
2017,New Mexico,Tijeras,1,1
2017,New York,Albany,5,25
2017,New York,Binghamton,2,7
2017,New York,Brentwood,1,1
2017,New York,Brockport,1,1
2017,New York,Bronx,48,140
2017,New York,Brooklyn,70,184
2017,New York,Buffalo,33,132
2017,New York,Buffalo (Cheektowaga),2,3
2017,New York,Canandaigua,1,1
2017,New York,Central Islip,1,5
2017,New York,Corona (Queens),17,25
2017,New York,Elmira,2,7
2017,New York,Far Rockaway,1,1
2017,New York,Flushing,1,5
2017,New York,Harrison,1,1
2017,New York,Hempstead,2,12
2017,New York,Hudson,1,7
2017,New York,Jamaica,5,11
2017,New York,Long Island City,2,1
2017,New York,Maybrook,1,1
2017,New York,Medford,2,3
2017,New York,Middle Village,1,1
2017,New York,Middletown,1,2
2017,New York,Monticello,1,5
2017,New York,Mount Vernon,4,4
2017,New York,New York (Manhattan),15,68
2017,New York,Newburgh,4,6
2017,New York,Niagara Falls,3,11
2017,New York,Poughkeepsie,1,8
2017,New York,Riverhead,1,1
2017,New York,Rochester,16,118
2017,New York,Rochester (Irondequoit),1,3
2017,New York,Schenectady,1,9
2017,New York,Schenectady (Glenville),1,1
2017,New York,Selden,1,1
2017,New York,Spring Valley,1,1
2017,New York,Springfield Gardens,1,1
2017,New York,Springfield Gardens (Laurelton),1,1
2017,New York,Staten Island,10,43
2017,New York,Syracuse,19,90
2017,New York,Theresa,2,1
2017,New York,Troy,1,6
2017,New York,Uniondale,1,2
2017,New York,Utica,2,17
2017,New York,Yonkers,5,10
2017,North Carolina,Albemarle,2,6
2017,North Carolina,Asheboro,3,5
2017,North Carolina,Asheville,3,19
2017,North Carolina,Belhaven,1,1
2017,North Carolina,Bolton,2,1
2017,North Carolina,Burlington,4,25
2017,North Carolina,Cameron,1,4
2017,North Carolina,Carthage,1,2
2017,North Carolina,Cary,1,2
2017,North Carolina,Chapel Hill,1,2
2017,North Carolina,Charlotte,76,215
2017,North Carolina,Claremont,2,1
2017,North Carolina,Concord,2,2
2017,North Carolina,Cumberland (county),1,3
2017,North Carolina,Dudley,2,8
2017,North Carolina,Durham,33,112
2017,North Carolina,Eden,1,5
2017,North Carolina,Edenton,1,1
2017,North Carolina,Efland,1,2
2017,North Carolina,Elizabeth City,2,21
2017,North Carolina,Elizabethtown,1,4
2017,North Carolina,Elkin,2,1
2017,North Carolina,Enfield,2,4
2017,North Carolina,Ernul,1,1
2017,North Carolina,Erwin,1,3
2017,North Carolina,Farmville,1,1
2017,North Carolina,Fayetteville,27,45
2017,North Carolina,Forest City,2,1
2017,North Carolina,Fuquay Varina,2,1
2017,North Carolina,Gastonia,6,3
2017,North Carolina,Gibsonville,2,1
2017,North Carolina,Goldsboro,15,22
2017,North Carolina,Graham,1,1
2017,North Carolina,Greensboro,40,63
2017,North Carolina,Greenville,2,26
2017,North Carolina,Henderson,4,3
2017,North Carolina,Hendersonville,1,4
2017,North Carolina,Hickory,12,7
2017,North Carolina,High Point,17,37
2017,North Carolina,Hope Mills,1,1
2017,North Carolina,Huntersville,3,1
2017,North Carolina,Indian Trail,2,2
2017,North Carolina,Jacksonville,7,9
2017,North Carolina,Kernersville,2,1
2017,North Carolina,Kings Mountain,1,3
2017,North Carolina,Kinston,6,22
2017,North Carolina,La Grange,3,3
2017,North Carolina,Laurinburg,3,8
2017,North Carolina,Lexington,6,15
2017,North Carolina,Lillington,2,1
2017,North Carolina,Lincolnton,2,1
2017,North Carolina,Longwood,1,1
2017,North Carolina,Lumberton,11,19
2017,North Carolina,Maiden,1,1
2017,North Carolina,Maxton,2,1
2017,North Carolina,Monroe,2,2
2017,North Carolina,Mooresville,1,3
2017,North Carolina,Morehead City,2,1
2017,North Carolina,Morganton,3,2
2017,North Carolina,Mount Airy,2,2
2017,North Carolina,Nebo,2,1
2017,North Carolina,New Bern,4,12
2017,North Carolina,Pembroke,2,1
2017,North Carolina,Plymouth,1,2
2017,North Carolina,Raleigh,20,64
2017,North Carolina,Red Springs,1,1
2017,North Carolina,Roanoke Rapids,1,5
2017,North Carolina,Rocky Mount,12,11
2017,North Carolina,Roxboro,2,1
2017,North Carolina,Salisbury,12,28
2017,North Carolina,Sanford,7,3
2017,North Carolina,Selma,2,2
2017,North Carolina,Shelby,3,3
2017,North Carolina,Southern Pines,1,2
2017,North Carolina,Spring Lake,3,4
2017,North Carolina,Statesville,2,11
2017,North Carolina,Supply,1,1
2017,North Carolina,Tabor City,1,10
2017,North Carolina,Taylorsville,1,1
2017,North Carolina,Thomasville,1,3
2017,North Carolina,Trinity,2,1
2017,North Carolina,Wadesboro,1,1
2017,North Carolina,Weldon,1,1
2017,North Carolina,Whiteville,3,4
2017,North Carolina,Wilmington,18,33
2017,North Carolina,Wilson,2,1
2017,North Carolina,Winston Salem (Winston-Salem),2,6
2017,North Carolina,Winston Salem (Winston-salem),17,44
2017,North Carolina,Youngsville,1,2
2017,North Dakota,Bismarck,2,3
2017,North Dakota,Grand Forks,1,3
2017,North Dakota,Jamestown,2,1
2017,North Dakota,Mandan,1,2
2017,North Dakota,Minot,1,7
2017,North Dakota,West Fargo,1,1
2017,North Dakota,Williston,2,2
2017,Ohio,Akron,34,61
2017,Ohio,Ashtabula,2,6
2017,Ohio,Barberton,2,1
2017,Ohio,Bellaire,2,1
2017,Ohio,Bolivar,2,1
2017,Ohio,Cambridge,1,2
2017,Ohio,Canal Winchester,3,1
2017,Ohio,Canton,19,20
2017,Ohio,Cincinnati,66,193
2017,Ohio,Cincinnati (Blue Ash),1,3
2017,Ohio,Cincinnati (Evanston),1,2
2017,Ohio,Cincinnati (Lockland),2,2
2017,Ohio,Cincinnati (North College Hill),1,2
2017,Ohio,Cincinnati (Reading),2,1
2017,Ohio,Cincinnati (Roselawn),2,1
2017,Ohio,Cincinnati (Walnut Hills),1,4
2017,Ohio,Cincinnati (Westwood),1,11
2017,Ohio,Cleveland,125,325
2017,Ohio,Cleveland (Cleveland Heights),1,6
2017,Ohio,Cleveland (Garfield Heights),1,1
2017,Ohio,Cleveland (Parma),1,4
2017,Ohio,Cleveland (Shaker Heights),2,1
2017,Ohio,Columbus,120,255
2017,Ohio,Conneaut,1,1
2017,Ohio,Dayton,30,92
2017,Ohio,Dayton (Centerville),1,3
2017,Ohio,Dayton (Huber Heights),1,3
2017,Ohio,Dayton (Moraine),1,1
2017,Ohio,Dayton (Trotwood),3,14
2017,Ohio,Dublin,2,1
2017,Ohio,Euclid,4,5
2017,Ohio,Fairfield,3,1
2017,Ohio,Findlay,6,1
2017,Ohio,Franklin (county),1,1
2017,Ohio,Fremont,2,1
2017,Ohio,Greenfield,2,3
2017,Ohio,Grove City,1,1
2017,Ohio,Groveport,4,2
2017,Ohio,Hamilton,9,6
2017,Ohio,Harrison,2,10
2017,Ohio,Hilliard,1,2
2017,Ohio,Jefferson,1,1
2017,Ohio,Kent,2,1
2017,Ohio,Lakewood,1,1
2017,Ohio,Lima,4,7
2017,Ohio,Lorain,8,12
2017,Ohio,Mansfield,4,6
2017,Ohio,Maple Heights,2,5
2017,Ohio,Marion,2,1
2017,Ohio,Massillon,2,4
2017,Ohio,Mechanicsburg,1,1
2017,Ohio,Mesopotamia,1,1
2017,Ohio,Miamisburg,2,1
2017,Ohio,Middletown,6,17
2017,Ohio,Monroe,2,1
2017,Ohio,New Straitsville,1,1
2017,Ohio,Newark,5,3
2017,Ohio,Newcomerstown,2,1
2017,Ohio,North Canton,1,1
2017,Ohio,Painesville,1,2
2017,Ohio,Portsmouth,2,1
2017,Ohio,Ravenna,4,2
2017,Ohio,Reynoldsburg,2,1
2017,Ohio,Rogers,4,2
2017,Ohio,Sandusky,2,5
2017,Ohio,Springfield,9,22
2017,Ohio,Steubenville,2,3
2017,Ohio,Tiffin,3,2
2017,Ohio,Toledo,36,143
2017,Ohio,Uniontown,1,1
2017,Ohio,Warren,12,35
2017,Ohio,Youngstown,21,44
2017,Ohio,Youngstown (Boardman),1,1
2017,Ohio,Zanesville,1,2
2017,Oklahoma,Ada,2,2
2017,Oklahoma,Altus,1,3
2017,Oklahoma,Ardmore,1,1
2017,Oklahoma,Bethany,1,2
2017,Oklahoma,Broken Arrow,7,7
2017,Oklahoma,Chickasha,2,9
2017,Oklahoma,Cordell,1,1
2017,Oklahoma,Duncan,3,1
2017,Oklahoma,Edmond,3,4
2017,Oklahoma,Guthrie,1,1
2017,Oklahoma,Hartshorne,1,1
2017,Oklahoma,Lawton,8,18
2017,Oklahoma,Muskogee,2,5
2017,Oklahoma,Norman,9,3
2017,Oklahoma,Oklahoma City,59,105
2017,Oklahoma,Oklahoma City (Del City),6,2
2017,Oklahoma,Oklahoma City (Moore),1,2
2017,Oklahoma,Okmulgee,2,8
2017,Oklahoma,Sand Springs,1,1
2017,Oklahoma,Sapulpa,3,1
2017,Oklahoma,Shawnee,3,2
2017,Oklahoma,Stillwater,2,2
2017,Oklahoma,Tulsa,67,145
2017,Oklahoma,Wagoner,2,1
2017,Oregon,Beaverton,2,4
2017,Oregon,Cave Junction,1,3
2017,Oregon,Central Point,1,4
2017,Oregon,Chiloquin,1,2
2017,Oregon,Eugene,3,6
2017,Oregon,Grants Pass,1,3
2017,Oregon,Gresham,3,2
2017,Oregon,Hermiston,1,1
2017,Oregon,Hillsboro,1,2
2017,Oregon,Klamath Falls,2,3
2017,Oregon,Lebanon,1,2
2017,Oregon,Mcminnville,1,4
2017,Oregon,Medford,3,2
2017,Oregon,Pendleton,2,1
2017,Oregon,Portland,22,79
2017,Oregon,Portland (Oak Grove),1,1
2017,Oregon,Roseburg,5,1
2017,Oregon,Salem,7,8
2017,Oregon,Springfield,3,3
2017,Oregon,Turner,3,1
2017,Oregon,Wolf Creek,2,1
2017,Pennsylvania,Aliquippa,2,3
2017,Pennsylvania,Allentown,16,39
2017,Pennsylvania,Berwick,1,2
2017,Pennsylvania,Bethlehem,5,11
2017,Pennsylvania,Boswell,1,1
2017,Pennsylvania,Braddock,1,9
2017,Pennsylvania,Braddock (Rankin),2,2
2017,Pennsylvania,Butler,2,2
2017,Pennsylvania,Carlisle,1,3
2017,Pennsylvania,Chambersburg,1,3
2017,Pennsylvania,Cherryville,1,1
2017,Pennsylvania,Chester,23,66
2017,Pennsylvania,Clairton,1,5
2017,Pennsylvania,Commodore,1,1
2017,Pennsylvania,Conestoga,1,1
2017,Pennsylvania,Coopersburg,2,1
2017,Pennsylvania,Darby (Colwyn),3,1
2017,Pennsylvania,Duquesne,1,7
2017,Pennsylvania,East Stroudsburg,2,2
2017,Pennsylvania,Easton,2,2
2017,Pennsylvania,Erie,8,29
2017,Pennsylvania,Fairchance,2,3
2017,Pennsylvania,Frackville,1,1
2017,Pennsylvania,Harrisburg,21,58
2017,Pennsylvania,Harrisburg (Penbrook),1,1
2017,Pennsylvania,Harrisburg (Steelton),3,1
2017,Pennsylvania,Hazleton,2,7
2017,Pennsylvania,Indiana,1,4
2017,Pennsylvania,Jeannette,1,2
2017,Pennsylvania,Johnstown,10,8
2017,Pennsylvania,Kulpmont,1,1
2017,Pennsylvania,Kutztown,1,1
2017,Pennsylvania,Lancaster,8,23
2017,Pennsylvania,Lebanon,2,8
2017,Pennsylvania,Linesville,1,1
2017,Pennsylvania,Macungie,1,1
2017,Pennsylvania,Manchester,2,2
2017,Pennsylvania,Manheim,1,1
2017,Pennsylvania,Mc Kees Rocks (Mckees Rocks),2,6
2017,Pennsylvania,Mckeesport,13,18
2017,Pennsylvania,Mechanicsburg,1,1
2017,Pennsylvania,Milford,1,1
2017,Pennsylvania,Morrisville,1,1
2017,Pennsylvania,Mountville,1,1
2017,Pennsylvania,Nanticoke,2,1
2017,Pennsylvania,Nazareth,1,1
2017,Pennsylvania,New Castle,3,4
2017,Pennsylvania,New Kensington,1,8
2017,Pennsylvania,Norristown,3,3
2017,Pennsylvania,Osceola Mills,3,1
2017,Pennsylvania,Philadelphia,223,454
2017,Pennsylvania,Pitcairn,1,2
2017,Pennsylvania,Pittsburgh,54,135
2017,Pennsylvania,Pittsburgh (Churchill),1,1
2017,Pennsylvania,Pittsburgh (Mount Washington),1,2
2017,Pennsylvania,Pittsburgh (Penn Hills),2,2
2017,Pennsylvania,Pittsburgh (Swissvale),3,5
2017,Pennsylvania,Pittsburgh (Wilkinsburg),2,3
2017,Pennsylvania,Pittston,1,1
2017,Pennsylvania,Plymouth,1,1
2017,Pennsylvania,Pottstown,1,4
2017,Pennsylvania,Reading,6,11
2017,Pennsylvania,Red Lion,1,2
2017,Pennsylvania,Royersford (Limerick),1,1
2017,Pennsylvania,Saylorsburg,1,1
2017,Pennsylvania,Sharon,2,2
2017,Pennsylvania,Stroudsburg,2,1
2017,Pennsylvania,Sugar Grove,1,1
2017,Pennsylvania,Sunbury,1,2
2017,Pennsylvania,Tamaqua,1,2
2017,Pennsylvania,Tionesta,1,1
2017,Pennsylvania,Titusville,2,1
2017,Pennsylvania,Tobyhanna,1,2
2017,Pennsylvania,Turtle Creek,3,4
2017,Pennsylvania,Uniontown,4,4
2017,Pennsylvania,Vandergrift,2,2
2017,Pennsylvania,Verona,2,1
2017,Pennsylvania,Washington,3,4
2017,Pennsylvania,Waynesburg,2,1
2017,Pennsylvania,Whitehall,3,2
2017,Pennsylvania,Wilkes Barre,3,13
2017,Pennsylvania,Williamsport,3,2
2017,Pennsylvania,York,18,34
2017,Rhode Island,Central Falls,1,9
2017,Rhode Island,Cranston,1,3
2017,Rhode Island,Pawtucket,1,3
2017,Rhode Island,Providence,8,57
2017,South Carolina,Abbeville,1,3
2017,South Carolina,Aiken,6,24
2017,South Carolina,Allendale,3,5
2017,South Carolina,Anderson,6,17
2017,South Carolina,Andrews,1,1
2017,South Carolina,Aynor,1,1
2017,South Carolina,Barnwell,1,2
2017,South Carolina,Beaufort,2,12
2017,South Carolina,Bennettsville,1,6
2017,South Carolina,Berkeley (county),1,3
2017,South Carolina,Blythewood,2,1
2017,South Carolina,Cayce,1,8
2017,South Carolina,Charleston,7,16
2017,South Carolina,Cheraw,2,3
2017,South Carolina,Chester,2,5
2017,South Carolina,Chesterfield,2,1
2017,South Carolina,Columbia,41,103
2017,South Carolina,Conway,8,19
2017,South Carolina,Cowpens,1,1
2017,South Carolina,Darlington,7,13
2017,South Carolina,Dillon,5,8
2017,South Carolina,Dillon (county),1,2
2017,South Carolina,Easley,9,2
2017,South Carolina,Elgin,2,2
2017,South Carolina,Elloree,1,2
2017,South Carolina,Florence,12,20
2017,South Carolina,Fountain Inn,3,2
2017,South Carolina,Gaffney,5,9
2017,South Carolina,Galivants Ferry,3,1
2017,South Carolina,Gaston,1,1
2017,South Carolina,Goose Creek,1,7
2017,South Carolina,Great Falls,1,2
2017,South Carolina,Greenville,24,38
2017,South Carolina,Greenwood,2,9
2017,South Carolina,Hamer,1,3
2017,South Carolina,Hardeeville,2,3
2017,South Carolina,Hartsville,3,12
2017,South Carolina,Hilton Head Island,2,4
2017,South Carolina,Inman,2,4
2017,South Carolina,Kingstree,1,2
2017,South Carolina,Ladson,1,4
2017,South Carolina,Lake City,3,11
2017,South Carolina,Lamar,1,3
2017,South Carolina,Lancaster,9,6
2017,South Carolina,Laurens,3,2
2017,South Carolina,Lexington,5,1
2017,South Carolina,Liberty,1,1
2017,South Carolina,Longs,2,3
2017,South Carolina,Loris,2,8
2017,South Carolina,Lugoff,3,1
2017,South Carolina,Marion,3,2
2017,South Carolina,Marion (county),1,1
2017,South Carolina,Mc Cormick,2,2
2017,South Carolina,Moncks Corner,1,1
2017,South Carolina,Mount Pleasant,3,1
2017,South Carolina,Mullins,5,3
2017,South Carolina,Myrtle Beach,9,36
2017,South Carolina,Newberry,1,2
2017,South Carolina,North Augusta,1,1
2017,South Carolina,North Charleston,36,53
2017,South Carolina,Orangeburg,7,26
2017,South Carolina,Pamplico,1,3
2017,South Carolina,Pendleton,1,2
2017,South Carolina,Piedmont,2,6
2017,South Carolina,Ridgeland,2,4
2017,South Carolina,Ridgeville,1,4
2017,South Carolina,Rock Hill,8,16
2017,South Carolina,Ruffin,3,2
2017,South Carolina,Santee,2,5
2017,South Carolina,Seneca,1,2
2017,South Carolina,Simpsonville,4,1
2017,South Carolina,Spartanburg,14,39
2017,South Carolina,Summerville,13,13
2017,South Carolina,Sumter,6,6
2017,South Carolina,Taylors,2,2
2017,South Carolina,Timmonsville,1,1
2017,South Carolina,Varnville,1,1
2017,South Carolina,Walterboro,3,14
2017,South Carolina,Warrenville,2,2
2017,South Carolina,West Columbia,8,5
2017,South Carolina,Westminster,2,3
2017,South Carolina,Winnsboro,2,1
2017,South Dakota,Eagle Butte,1,1
2017,South Dakota,Rapid City,4,7
2017,South Dakota,Sioux Falls,5,5
2017,Tennessee,Alamo,1,1
2017,Tennessee,Antioch,8,31
2017,Tennessee,Arlington,2,1
2017,Tennessee,Arlington (Lakeland),1,1
2017,Tennessee,Bradyville,1,1
2017,Tennessee,Brownsville,1,13
2017,Tennessee,Cedar Hill,3,2
2017,Tennessee,Chattanooga,28,120
2017,Tennessee,Chattanooga (East Ridge),2,3
2017,Tennessee,Clarksville,16,12
2017,Tennessee,Cleveland,2,3
2017,Tennessee,Clinton,2,1
2017,Tennessee,Columbia,1,3
2017,Tennessee,Cookeville,3,2
2017,Tennessee,Cordova,2,2
2017,Tennessee,Cosby,1,1
2017,Tennessee,Covington,1,1
2017,Tennessee,Crossville,2,2
2017,Tennessee,Dickson,1,1
2017,Tennessee,Dyersburg,1,6
2017,Tennessee,Franklin,2,2
2017,Tennessee,Gallatin,1,2
2017,Tennessee,Greeneville,3,1
2017,Tennessee,Harriman,1,1
2017,Tennessee,Henderson,1,1
2017,Tennessee,Hendersonville,1,2
2017,Tennessee,Hixson,3,1
2017,Tennessee,Humboldt,1,7
2017,Tennessee,Jackson,9,27
2017,Tennessee,Johnson City,6,5
2017,Tennessee,Jonesborough,1,1
2017,Tennessee,Kingsport,2,9
2017,Tennessee,Knoxville,29,53
2017,Tennessee,La Vergne,1,4
2017,Tennessee,Lenoir City,2,1
2017,Tennessee,Lewisburg,1,2
2017,Tennessee,Lyles,1,1
2017,Tennessee,Madison,6,14
2017,Tennessee,Manchester,1,2
2017,Tennessee,Memphis,165,485
2017,Tennessee,Memphis (Hickory Hill),4,1
2017,Tennessee,Milan,2,2
2017,Tennessee,Morristown,1,2
2017,Tennessee,Munford,1,2
2017,Tennessee,Murfreesboro,6,22
2017,Tennessee,Nashville,89,226
2017,Tennessee,Nashville (Donelson),1,1
2017,Tennessee,New Johnsonville,2,1
2017,Tennessee,Oak Ridge,3,2
2017,Tennessee,Oliver Springs,1,1
2017,Tennessee,Paris,1,1
2017,Tennessee,Powell,1,1
2017,Tennessee,Ramer,1,2
2017,Tennessee,Rockwood,1,1
2017,Tennessee,Signal Mountain,1,1
2017,Tennessee,Somerville,2,2
2017,Tennessee,Speedwell,1,2
2017,Tennessee,Springfield,3,12
2017,Tennessee,Tracy City,1,1
2017,Texas,Abilene,7,8
2017,Texas,Allen,1,5
2017,Texas,Alvin,4,1
2017,Texas,Amarillo,8,16
2017,Texas,Arlington,27,26
2017,Texas,Athens,2,2
2017,Texas,Austin,36,58
2017,Texas,Bay City,1,2
2017,Texas,Baytown,7,11
2017,Texas,Beaumont,10,11
2017,Texas,Bellaire,1,3
2017,Texas,Belton,2,1
2017,Texas,Big Spring,3,2
2017,Texas,Borger,3,2
2017,Texas,Brownsville,5,2
2017,Texas,Bryan,3,8
2017,Texas,Burleson,1,2
2017,Texas,Cedar Hill,1,4
2017,Texas,Cisco,2,1
2017,Texas,Cleburne,1,2
2017,Texas,Cleveland,1,1
2017,Texas,Cleveland (Plum Grove),1,1
2017,Texas,Commerce,1,3
2017,Texas,Conroe,9,2
2017,Texas,Converse,6,3
2017,Texas,Cookville,2,1
2017,Texas,Copperas Cove,1,2
2017,Texas,Corpus Christi,12,26
2017,Texas,Crosby,1,2
2017,Texas,Cypress,4,4
2017,Texas,Dallas,122,139
2017,Texas,Dallas (Farmers Branch),1,1
2017,Texas,De Kalb,1,5
2017,Texas,Del Valle,3,1
2017,Texas,Denison,1,1
2017,Texas,Denton,2,4
2017,Texas,Desoto,1,1
2017,Texas,Duncanville,1,1
2017,Texas,Edinburg,5,2
2017,Texas,El Paso,10,20
2017,Texas,Elmendorf,1,3
2017,Texas,Euless,2,1
2017,Texas,Fort Stockton,1,1
2017,Texas,Fort Worth,58,77
2017,Texas,Fort Worth (Benbrook),1,1
2017,Texas,Fresno,1,1
2017,Texas,Frisco,2,2
2017,Texas,Fritch,1,1
2017,Texas,Galveston,5,2
2017,Texas,Garland,5,8
2017,Texas,George West,1,1
2017,Texas,Gladewater,1,1
2017,Texas,Goliad,1,1
2017,Texas,Grand Prairie,2,5
2017,Texas,Greenville,4,1
2017,Texas,Haltom City,1,5
2017,Texas,Hockley,1,1
2017,Texas,Houston,264,392
2017,Texas,Humble,1,7
2017,Texas,Humble (Atascocita),3,1
2017,Texas,Huntsville,1,1
2017,Texas,Irving,9,2
2017,Texas,Jefferson,2,1
2017,Texas,Katy,6,6
2017,Texas,Kilgore,2,3
2017,Texas,Killeen,23,34
2017,Texas,La Marque,4,3
2017,Texas,La Porte,1,4
2017,Texas,Laredo,4,13
2017,Texas,League City,1,1
2017,Texas,Little Elm,2,2
2017,Texas,Littlefield,1,1
2017,Texas,Longview,10,14
2017,Texas,Lubbock,11,40
2017,Texas,Lufkin,6,4
2017,Texas,Manvel,4,2
2017,Texas,Marshall,1,2
2017,Texas,Mathis,2,1
2017,Texas,Mcallen,4,4
2017,Texas,Mesquite,6,6
2017,Texas,Midlothian,1,2
2017,Texas,Missouri City,2,5
2017,Texas,Montgomery,1,1
2017,Texas,Nacogdoches,1,1
2017,Texas,New Braunfels,1,2
2017,Texas,New Caney,1,1
2017,Texas,North Richland Hills,3,3
2017,Texas,Odessa,5,6
2017,Texas,Orange,1,2
2017,Texas,Palestine,1,3
2017,Texas,Panola,2,1
2017,Texas,Pasadena,4,4
2017,Texas,Pearland,2,2
2017,Texas,Pflugerville,1,2
2017,Texas,Pharr,1,2
2017,Texas,Plano,12,2
2017,Texas,Prairie View,1,2
2017,Texas,Robstown,1,1
2017,Texas,Rockport,1,1
2017,Texas,Roma (Fronton),1,2
2017,Texas,Round Rock,2,2
2017,Texas,Rowlett,1,9
2017,Texas,San Angelo,5,6
2017,Texas,San Antonio,105,245
2017,Texas,San Antonio (Kirby),1,1
2017,Texas,San Marcos,4,1
2017,Texas,Schertz,3,2
2017,Texas,Seminole,2,2
2017,Texas,Spring,7,4
2017,Texas,Spring Branch,1,1
2017,Texas,Stafford,1,1
2017,Texas,Sugar Land,1,2
2017,Texas,Sulphur Springs,1,1
2017,Texas,Sutherland Springs,27,20
2017,Texas,Temple,2,12
2017,Texas,Terrell,2,3
2017,Texas,Texarkana,5,4
2017,Texas,Texas City,2,1
2017,Texas,Tyler,8,12
2017,Texas,Universal City,1,1
2017,Texas,Vidor,1,1
2017,Texas,Waco,7,15
2017,Texas,Waxahachie,3,2
2017,Texas,Weslaco,3,2
2017,Texas,Whitehouse,1,1
2017,Texas,Wichita Falls,8,3
2017,Texas,Wimberley,2,1
2017,Utah,Centerville,1,1
2017,Utah,Garden City,1,2
2017,Utah,Heber City,1,1
2017,Utah,Layton,2,2
2017,Utah,Magna,5,1
2017,Utah,Midvale,1,6
2017,Utah,Ogden,5,4
2017,Utah,Provo,1,2
2017,Utah,Salt Lake City,9,27
2017,Utah,Salt Lake City (Kearns),1,4
2017,Utah,Salt Lake City (Millcreek),2,1
2017,Utah,Salt Lake City (Murray),2,3
2017,Utah,Salt Lake City (South Salt Lake),1,2
2017,Utah,Salt Lake City (Taylorsville),4,3
2017,Utah,Salt Lake City (West Valley City),7,16
2017,Utah,Sandy,3,6
2017,Utah,Spanish Fork,1,1
2017,Utah,Tooele,2,1
2017,Utah,West Jordan,3,2
2017,Vermont,Fairfax,1,2
2017,Virginia,Alexandria,5,16
2017,Virginia,Arlington,5,1
2017,Virginia,Axton,1,2
2017,Virginia,Blackstone,1,1
2017,Virginia,Bristol,1,1
2017,Virginia,Charlottesville,7,7
2017,Virginia,Chesapeake,10,17
2017,Virginia,Chester,4,1
2017,Virginia,Chesterfield,3,13
2017,Virginia,Colonial Heights,1,3
2017,Virginia,Danville,10,19
2017,Virginia,Disputanta,1,1
2017,Virginia,Fairfax,1,3
2017,Virginia,Falls Church,1,1
2017,Virginia,Fredericksburg,5,5
2017,Virginia,Grundy,2,1
2017,Virginia,Hampton,17,71
2017,Virginia,Harrisonburg,1,2
2017,Virginia,Henrico,7,6
2017,Virginia,Henrico (Highland Springs),3,1
2017,Virginia,Henrico (county),4,6
2017,Virginia,Herndon,1,2
2017,Virginia,Hopewell,1,8
2017,Virginia,Independence,1,1
2017,Virginia,Lebanon,1,1
2017,Virginia,Locust Grove,2,2
2017,Virginia,Lynchburg,6,10
2017,Virginia,Madison Heights,1,1
2017,Virginia,Manassas,1,8
2017,Virginia,Martinsville,1,3
2017,Virginia,Mathews (county),1,1
2017,Virginia,New Church,1,1
2017,Virginia,Newport News,24,88
2017,Virginia,Norfolk,40,115
2017,Virginia,Petersburg,9,33
2017,Virginia,Portsmouth,11,53
2017,Virginia,Prince George,1,1
2017,Virginia,Reston,2,1
2017,Virginia,Richmond,84,209
2017,Virginia,Roanoke,12,33
2017,Virginia,Rocky Mount,2,3
2017,Virginia,Smithfield,1,1
2017,Virginia,Spotsylvania (county),1,1
2017,Virginia,Suffolk,2,20
2017,Virginia,Toano,1,1
2017,Virginia,Vienna,1,1
2017,Virginia,Virginia Beach,14,51
2017,Virginia,Waverly,1,1
2017,Virginia,Williamsburg,2,4
2017,Virginia,Woodbridge,2,10
2017,Washington,Auburn,3,2
2017,Washington,Bellingham,2,3
2017,Washington,Benton City,1,1
2017,Washington,Bremerton,5,5
2017,Washington,Cheney,1,1
2017,Washington,Colbert,1,1
2017,Washington,Everett,6,16
2017,Washington,Federal Way,8,9
2017,Washington,Kelso,1,1
2017,Washington,Kennewick,2,2
2017,Washington,Kent,8,10
2017,Washington,Lacey,7,3
2017,Washington,Lakewood,7,3
2017,Washington,Longview,5,3
2017,Washington,Lynnwood,2,3
2017,Washington,Mabton,1,1
2017,Washington,Marysville,1,3
2017,Washington,Moses Lake,1,6
2017,Washington,Oak Harbor,1,2
2017,Washington,Olympia,4,2
2017,Washington,Pierce (county),1,4
2017,Washington,Puyallup,1,1
2017,Washington,Quincy,1,1
2017,Washington,Renton,2,17
2017,Washington,Rockford,1,3
2017,Washington,Sammamish,3,1
2017,Washington,Seattle,33,80
2017,Washington,Seattle (Burien),5,5
2017,Washington,Seattle (Seatac),7,2
2017,Washington,Spanaway,3,4
2017,Washington,Spokane,11,20
2017,Washington,Spokane (Spokane Valley),2,4
2017,Washington,Tacoma,9,13
2017,Washington,Tacoma (Parkland),1,5
2017,Washington,Toppenish,2,12
2017,Washington,University Place,1,2
2017,Washington,Vancouver,11,15
2017,Washington,Yakima,15,21
2017,West Virginia,Alderson,2,4
2017,West Virginia,Big Bend,1,1
2017,West Virginia,Bunker Hill,1,2
2017,West Virginia,Chapmanville,1,1
2017,West Virginia,Charleston,8,25
2017,West Virginia,Charleston (Sissonville),2,2
2017,West Virginia,Clarksburg,3,3
2017,West Virginia,Clendenin (Quick),1,1
2017,West Virginia,Culloden,2,1
2017,West Virginia,Dunbar,2,2
2017,West Virginia,Fairmont,4,3
2017,West Virginia,Grafton,2,2
2017,West Virginia,Huntington,9,31
2017,West Virginia,Logan,1,2
2017,West Virginia,Martinsburg,2,1
2017,West Virginia,Morgantown,2,4
2017,West Virginia,Oak Hill,2,1
2017,West Virginia,Parkersburg,1,6
2017,West Virginia,Princeton,3,1
2017,West Virginia,Shinnston,1,1
2017,West Virginia,Wheeling,2,1
2017,Wisconsin,Appleton,2,2
2017,Wisconsin,Ashland,1,1
2017,Wisconsin,Brookfield,1,3
2017,Wisconsin,Fond Du Lac,2,1
2017,Wisconsin,Green Bay,1,4
2017,Wisconsin,Janesville,1,1
2017,Wisconsin,Kenosha,3,5
2017,Wisconsin,La Crosse,1,1
2017,Wisconsin,La Crosse (Lacrosse),2,2
2017,Wisconsin,Madison,10,40
2017,Wisconsin,Milwaukee,107,389
2017,Wisconsin,New Berlin,1,1
2017,Wisconsin,Oshkosh,5,4
2017,Wisconsin,Racine,3,14
2017,Wisconsin,Sheboygan,2,2
2017,Wisconsin,Sun Prairie,1,1
2017,Wisconsin,Superior,1,2
2017,Wyoming,Casper,2,2
2017,Wyoming,Cheyenne,3,6
